<?xml version="1.0" encoding="UTF-8" standalone="yes"?>
<addon id="script.hideosd" version="fidy" name="Скриване на екранно меню" provider-name="aenema">
	<requires>
		<import addon="xbmc.python" version="3.0.0" />
	</requires>
	<extension point="xbmc.python.pluginsource" library="main.py">
		<provides>executable</provides>
	</extension>
	<extension point="xbmc.service" library="service.py" start="startup" />
	<extension point="xbmc.addon.metadata">
        <description>Скрипт за автоматично скриване на екранното меню при неактивност. Времето може да се избере в настройките на добавката.</description>
		<summary lang="en">Автоматично скриване на екранно меню</summary>
		<platform>all</platform>
		<website>-</website>
		<email>-</email>
		<forum>-</forum>
		<source>-</source>
		<news></news>
        <assets>
            <icon>icon.png</icon>
		</assets>
	</extension>
</addon>
